{"ko":{"hash":"7e20ed512c028d53076c1999b1d66920","extensions":[{"extensionIdentifier":{"id":"ms-ceintl.vscode-language-pack-ko","uuid":"7c15d326-cfdd-4932-9409-634b512daebe"},"version":"1.48.1"}],"translations":{"vscode":"c:\\Users\\h2005048\\.vscode\\extensions\\ms-ceintl.vscode-language-pack-ko-1.48.1\\translations\\main.i18n.json","vscode.bat":"c:\\Users\\h2005048\\.vscode\\extensions\\ms-ceintl.vscode-language-pack-ko-1.48.1\\translations\\extensions\\bat.i18n.json","vscode.clojure":"c:\\Users\\h2005048\\.vscode\\extensions\\ms-ceintl.vscode-language-pack-ko-1.48.1\\translations\\extensions\\clojure.i18n.json","vscode.coffeescript":"c:\\Users\\h2005048\\.vscode\\extensions\\ms-ceintl.vscode-language-pack-ko-1.48.1\\translations\\extensions\\coffeescript.i18n.json","vscode.configuration-editing":"c:\\Users\\h2005048\\.vscode\\extensions\\ms-ceintl.vscode-language-pack-ko-1.48.1\\translations\\extensions\\configuration-editing.i18n.json","vscode.cpp":"c:\\Users\\h2005048\\.vscode\\extensions\\ms-ceintl.vscode-language-pack-ko-1.48.1\\translations\\extensions\\cpp.i18n.json","vscode.csharp":"c:\\Users\\h2005048\\.vscode\\extensions\\ms-ceintl.vscode-language-pack-ko-1.48.1\\translations\\extensions\\csharp.i18n.json","vscode.css-language-features":"c:\\Users\\h2005048\\.vscode\\extensions\\ms-ceintl.vscode-language-pack-ko-1.48.1\\translations\\extensions\\css-language-features.i18n.json","vscode.css":"c:\\Users\\h2005048\\.vscode\\extensions\\ms-ceintl.vscode-language-pack-ko-1.48.1\\translations\\extensions\\css.i18n.json","vscode.debug-auto-launch":"c:\\Users\\h2005048\\.vscode\\extensions\\ms-ceintl.vscode-language-pack-ko-1.48.1\\translations\\extensions\\debug-auto-launch.i18n.json","vscode.debug-server-ready":"c:\\Users\\h2005048\\.vscode\\extensions\\ms-ceintl.vscode-language-pack-ko-1.48.1\\translations\\extensions\\debug-server-ready.i18n.json","vscode.docker":"c:\\Users\\h2005048\\.vscode\\extensions\\ms-ceintl.vscode-language-pack-ko-1.48.1\\translations\\extensions\\docker.i18n.json","vscode.emmet":"c:\\Users\\h2005048\\.vscode\\extensions\\ms-ceintl.vscode-language-pack-ko-1.48.1\\translations\\extensions\\emmet.i18n.json","vscode.extension-editing":"c:\\Users\\h2005048\\.vscode\\extensions\\ms-ceintl.vscode-language-pack-ko-1.48.1\\translations\\extensions\\extension-editing.i18n.json","vscode.fsharp":"c:\\Users\\h2005048\\.vscode\\extensions\\ms-ceintl.vscode-language-pack-ko-1.48.1\\translations\\extensions\\fsharp.i18n.json","vscode.git-ui":"c:\\Users\\h2005048\\.vscode\\extensions\\ms-ceintl.vscode-language-pack-ko-1.48.1\\translations\\extensions\\git-ui.i18n.json","vscode.git":"c:\\Users\\h2005048\\.vscode\\extensions\\ms-ceintl.vscode-language-pack-ko-1.48.1\\translations\\extensions\\git.i18n.json","vscode.github-authentication":"c:\\Users\\h2005048\\.vscode\\extensions\\ms-ceintl.vscode-language-pack-ko-1.48.1\\translations\\extensions\\github-authentication.i18n.json","vscode.github-browser":"c:\\Users\\h2005048\\.vscode\\extensions\\ms-ceintl.vscode-language-pack-ko-1.48.1\\translations\\extensions\\github-browser.i18n.json","vscode.github":"c:\\Users\\h2005048\\.vscode\\extensions\\ms-ceintl.vscode-language-pack-ko-1.48.1\\translations\\extensions\\github.i18n.json","vscode.go":"c:\\Users\\h2005048\\.vscode\\extensions\\ms-ceintl.vscode-language-pack-ko-1.48.1\\translations\\extensions\\go.i18n.json","vscode.groovy":"c:\\Users\\h2005048\\.vscode\\extensions\\ms-ceintl.vscode-language-pack-ko-1.48.1\\translations\\extensions\\groovy.i18n.json","vscode.grunt":"c:\\Users\\h2005048\\.vscode\\extensions\\ms-ceintl.vscode-language-pack-ko-1.48.1\\translations\\extensions\\grunt.i18n.json","vscode.gulp":"c:\\Users\\h2005048\\.vscode\\extensions\\ms-ceintl.vscode-language-pack-ko-1.48.1\\translations\\extensions\\gulp.i18n.json","vscode.handlebars":"c:\\Users\\h2005048\\.vscode\\extensions\\ms-ceintl.vscode-language-pack-ko-1.48.1\\translations\\extensions\\handlebars.i18n.json","vscode.hlsl":"c:\\Users\\h2005048\\.vscode\\extensions\\ms-ceintl.vscode-language-pack-ko-1.48.1\\translations\\extensions\\hlsl.i18n.json","vscode.html-language-features":"c:\\Users\\h2005048\\.vscode\\extensions\\ms-ceintl.vscode-language-pack-ko-1.48.1\\translations\\extensions\\html-language-features.i18n.json","vscode.html":"c:\\Users\\h2005048\\.vscode\\extensions\\ms-ceintl.vscode-language-pack-ko-1.48.1\\translations\\extensions\\html.i18n.json","vscode.image-preview":"c:\\Users\\h2005048\\.vscode\\extensions\\ms-ceintl.vscode-language-pack-ko-1.48.1\\translations\\extensions\\image-preview.i18n.json","vscode.ini":"c:\\Users\\h2005048\\.vscode\\extensions\\ms-ceintl.vscode-language-pack-ko-1.48.1\\translations\\extensions\\ini.i18n.json","vscode.jake":"c:\\Users\\h2005048\\.vscode\\extensions\\ms-ceintl.vscode-language-pack-ko-1.48.1\\translations\\extensions\\jake.i18n.json","vscode.java":"c:\\Users\\h2005048\\.vscode\\extensions\\ms-ceintl.vscode-language-pack-ko-1.48.1\\translations\\extensions\\java.i18n.json","vscode.javascript":"c:\\Users\\h2005048\\.vscode\\extensions\\ms-ceintl.vscode-language-pack-ko-1.48.1\\translations\\extensions\\javascript.i18n.json","vscode.json-language-features":"c:\\Users\\h2005048\\.vscode\\extensions\\ms-ceintl.vscode-language-pack-ko-1.48.1\\translations\\extensions\\json-language-features.i18n.json","vscode.json":"c:\\Users\\h2005048\\.vscode\\extensions\\ms-ceintl.vscode-language-pack-ko-1.48.1\\translations\\extensions\\json.i18n.json","vscode.less":"c:\\Users\\h2005048\\.vscode\\extensions\\ms-ceintl.vscode-language-pack-ko-1.48.1\\translations\\extensions\\less.i18n.json","vscode.log":"c:\\Users\\h2005048\\.vscode\\extensions\\ms-ceintl.vscode-language-pack-ko-1.48.1\\translations\\extensions\\log.i18n.json","vscode.lua":"c:\\Users\\h2005048\\.vscode\\extensions\\ms-ceintl.vscode-language-pack-ko-1.48.1\\translations\\extensions\\lua.i18n.json","vscode.make":"c:\\Users\\h2005048\\.vscode\\extensions\\ms-ceintl.vscode-language-pack-ko-1.48.1\\translations\\extensions\\make.i18n.json","vscode.markdown-basics":"c:\\Users\\h2005048\\.vscode\\extensions\\ms-ceintl.vscode-language-pack-ko-1.48.1\\translations\\extensions\\markdown-basics.i18n.json","vscode.markdown-language-features":"c:\\Users\\h2005048\\.vscode\\extensions\\ms-ceintl.vscode-language-pack-ko-1.48.1\\translations\\extensions\\markdown-language-features.i18n.json","vscode.merge-conflict":"c:\\Users\\h2005048\\.vscode\\extensions\\ms-ceintl.vscode-language-pack-ko-1.48.1\\translations\\extensions\\merge-conflict.i18n.json","vscode.microsoft-authentication":"c:\\Users\\h2005048\\.vscode\\extensions\\ms-ceintl.vscode-language-pack-ko-1.48.1\\translations\\extensions\\microsoft-authentication.i18n.json","vscode.ms-vscode.js-debug":"c:\\Users\\h2005048\\.vscode\\extensions\\ms-ceintl.vscode-language-pack-ko-1.48.1\\translations\\extensions\\ms-vscode.js-debug.i18n.json","vscode.ms-vscode.node-debug":"c:\\Users\\h2005048\\.vscode\\extensions\\ms-ceintl.vscode-language-pack-ko-1.48.1\\translations\\extensions\\ms-vscode.node-debug.i18n.json","vscode.ms-vscode.node-debug2":"c:\\Users\\h2005048\\.vscode\\extensions\\ms-ceintl.vscode-language-pack-ko-1.48.1\\translations\\extensions\\ms-vscode.node-debug2.i18n.json","vscode.npm":"c:\\Users\\h2005048\\.vscode\\extensions\\ms-ceintl.vscode-language-pack-ko-1.48.1\\translations\\extensions\\npm.i18n.json","vscode.objective-c":"c:\\Users\\h2005048\\.vscode\\extensions\\ms-ceintl.vscode-language-pack-ko-1.48.1\\translations\\extensions\\objective-c.i18n.json","vscode.perl":"c:\\Users\\h2005048\\.vscode\\extensions\\ms-ceintl.vscode-language-pack-ko-1.48.1\\translations\\extensions\\perl.i18n.json","vscode.php-language-features":"c:\\Users\\h2005048\\.vscode\\extensions\\ms-ceintl.vscode-language-pack-ko-1.48.1\\translations\\extensions\\php-language-features.i18n.json","vscode.php":"c:\\Users\\h2005048\\.vscode\\extensions\\ms-ceintl.vscode-language-pack-ko-1.48.1\\translations\\extensions\\php.i18n.json","vscode.powershell":"c:\\Users\\h2005048\\.vscode\\extensions\\ms-ceintl.vscode-language-pack-ko-1.48.1\\translations\\extensions\\powershell.i18n.json","vscode.pug":"c:\\Users\\h2005048\\.vscode\\extensions\\ms-ceintl.vscode-language-pack-ko-1.48.1\\translations\\extensions\\pug.i18n.json","vscode.python":"c:\\Users\\h2005048\\.vscode\\extensions\\ms-ceintl.vscode-language-pack-ko-1.48.1\\translations\\extensions\\python.i18n.json","vscode.r":"c:\\Users\\h2005048\\.vscode\\extensions\\ms-ceintl.vscode-language-pack-ko-1.48.1\\translations\\extensions\\r.i18n.json","vscode.razor":"c:\\Users\\h2005048\\.vscode\\extensions\\ms-ceintl.vscode-language-pack-ko-1.48.1\\translations\\extensions\\razor.i18n.json","vscode.ruby":"c:\\Users\\h2005048\\.vscode\\extensions\\ms-ceintl.vscode-language-pack-ko-1.48.1\\translations\\extensions\\ruby.i18n.json","vscode.rust":"c:\\Users\\h2005048\\.vscode\\extensions\\ms-ceintl.vscode-language-pack-ko-1.48.1\\translations\\extensions\\rust.i18n.json","vscode.scss":"c:\\Users\\h2005048\\.vscode\\extensions\\ms-ceintl.vscode-language-pack-ko-1.48.1\\translations\\extensions\\scss.i18n.json","vscode.search-result":"c:\\Users\\h2005048\\.vscode\\extensions\\ms-ceintl.vscode-language-pack-ko-1.48.1\\translations\\extensions\\search-result.i18n.json","vscode.shaderlab":"c:\\Users\\h2005048\\.vscode\\extensions\\ms-ceintl.vscode-language-pack-ko-1.48.1\\translations\\extensions\\shaderlab.i18n.json","vscode.shellscript":"c:\\Users\\h2005048\\.vscode\\extensions\\ms-ceintl.vscode-language-pack-ko-1.48.1\\translations\\extensions\\shellscript.i18n.json","vscode.sql":"c:\\Users\\h2005048\\.vscode\\extensions\\ms-ceintl.vscode-language-pack-ko-1.48.1\\translations\\extensions\\sql.i18n.json","vscode.swift":"c:\\Users\\h2005048\\.vscode\\extensions\\ms-ceintl.vscode-language-pack-ko-1.48.1\\translations\\extensions\\swift.i18n.json","vscode.theme-abyss":"c:\\Users\\h2005048\\.vscode\\extensions\\ms-ceintl.vscode-language-pack-ko-1.48.1\\translations\\extensions\\theme-abyss.i18n.json","vscode.theme-defaults":"c:\\Users\\h2005048\\.vscode\\extensions\\ms-ceintl.vscode-language-pack-ko-1.48.1\\translations\\extensions\\theme-defaults.i18n.json","vscode.theme-kimbie-dark":"c:\\Users\\h2005048\\.vscode\\extensions\\ms-ceintl.vscode-language-pack-ko-1.48.1\\translations\\extensions\\theme-kimbie-dark.i18n.json","vscode.theme-monokai-dimmed":"c:\\Users\\h2005048\\.vscode\\extensions\\ms-ceintl.vscode-language-pack-ko-1.48.1\\translations\\extensions\\theme-monokai-dimmed.i18n.json","vscode.theme-monokai":"c:\\Users\\h2005048\\.vscode\\extensions\\ms-ceintl.vscode-language-pack-ko-1.48.1\\translations\\extensions\\theme-monokai.i18n.json","vscode.theme-quietlight":"c:\\Users\\h2005048\\.vscode\\extensions\\ms-ceintl.vscode-language-pack-ko-1.48.1\\translations\\extensions\\theme-quietlight.i18n.json","vscode.theme-red":"c:\\Users\\h2005048\\.vscode\\extensions\\ms-ceintl.vscode-language-pack-ko-1.48.1\\translations\\extensions\\theme-red.i18n.json","vscode.theme-seti":"c:\\Users\\h2005048\\.vscode\\extensions\\ms-ceintl.vscode-language-pack-ko-1.48.1\\translations\\extensions\\theme-seti.i18n.json","vscode.theme-solarized-dark":"c:\\Users\\h2005048\\.vscode\\extensions\\ms-ceintl.vscode-language-pack-ko-1.48.1\\translations\\extensions\\theme-solarized-dark.i18n.json","vscode.theme-solarized-light":"c:\\Users\\h2005048\\.vscode\\extensions\\ms-ceintl.vscode-language-pack-ko-1.48.1\\translations\\extensions\\theme-solarized-light.i18n.json","vscode.theme-tomorrow-night-blue":"c:\\Users\\h2005048\\.vscode\\extensions\\ms-ceintl.vscode-language-pack-ko-1.48.1\\translations\\extensions\\theme-tomorrow-night-blue.i18n.json","vscode.typescript-basics":"c:\\Users\\h2005048\\.vscode\\extensions\\ms-ceintl.vscode-language-pack-ko-1.48.1\\translations\\extensions\\typescript-basics.i18n.json","vscode.typescript-language-features":"c:\\Users\\h2005048\\.vscode\\extensions\\ms-ceintl.vscode-language-pack-ko-1.48.1\\translations\\extensions\\typescript-language-features.i18n.json","vscode.vb":"c:\\Users\\h2005048\\.vscode\\extensions\\ms-ceintl.vscode-language-pack-ko-1.48.1\\translations\\extensions\\vb.i18n.json","vscode.vscode-chrome-debug-core":"c:\\Users\\h2005048\\.vscode\\extensions\\ms-ceintl.vscode-language-pack-ko-1.48.1\\translations\\extensions\\vscode-chrome-debug-core.i18n.json","ms-vscode.node-debug":"c:\\Users\\h2005048\\.vscode\\extensions\\ms-ceintl.vscode-language-pack-ko-1.48.1\\translations\\extensions\\vscode-node-debug.i18n.json","ms-vscode.node-debug2":"c:\\Users\\h2005048\\.vscode\\extensions\\ms-ceintl.vscode-language-pack-ko-1.48.1\\translations\\extensions\\vscode-node-debug2.i18n.json","vscode.xml":"c:\\Users\\h2005048\\.vscode\\extensions\\ms-ceintl.vscode-language-pack-ko-1.48.1\\translations\\extensions\\xml.i18n.json","vscode.yaml":"c:\\Users\\h2005048\\.vscode\\extensions\\ms-ceintl.vscode-language-pack-ko-1.48.1\\translations\\extensions\\yaml.i18n.json"}}}